{"a8ba9ba1-d9bf-4218-bb37-6a130503b2a7": 0.49980231608009856, "ba29a178-a6e2-41d0-9048-8c1b3a5d8157": 0.5027315061398967, "ba7680eb-051c-40e3-b422-fc4c108bb7bb": 0.5202320824558027}