{"a8ba9ba1-d9bf-4218-bb37-6a130503b2a7": 0.49980231608009856, "ba29a178-a6e2-41d0-9048-8c1b3a5d8157": 0.5027315061398967, "ba7680eb-051c-40e3-b422-fc4c108bb7bb": 0.5202320824558027, "c8fb2bba-2014-4bcf-9da4-38678724e917": 0.6978133252343083, "8f95c315-cafb-4f64-8411-2d6856606550": 0.5790854573168744, "f1c92f57-648b-4c80-a760-812928b4bf5e": 0.5703758095171119, "7c1d31b8-0503-413a-8363-8eb74942c335": 0.4942914351580659, "b33501d2-bd30-4d9a-8d9f-d7d7938c3909": 0.586458177544443}