{
    "a8ba9ba1-d9bf-4218-bb37-6a130503b2a7": 0.49980231608009856,
    "ba29a178-a6e2-41d0-9048-8c1b3a5d8157": 0.5027315061398967,
    "ba7680eb-051c-40e3-b422-fc4c108bb7bb": 0.5202320824558027,
    "c8fb2bba-2014-4bcf-9da4-38678724e917": 0.6978133252343083,
    "8f95c315-cafb-4f64-8411-2d6856606550": 0.5790854573168744,
    "f1c92f57-648b-4c80-a760-812928b4bf5e": 0.5703758095171119,
    "7c1d31b8-0503-413a-8363-8eb74942c335": 0.4942914351580659,
    "b33501d2-bd30-4d9a-8d9f-d7d7938c3909": 0.586458177544443,
    "84356197-135a-4603-9af4-9f6fae77eb2a": 0.7840874843989708,
    "fdedbdb7-cbcb-4c2c-9c1e-ac6ea48c4148": 0.7420095939192122,
    "a1e8b839-c504-43e9-94e1-1fdfea750147": 0.7181187354578561,
    "4670dca3-509e-42d7-8a15-257c3f036061": 0.7086699755485192,
    "8220a86d-685b-484a-b47d-0fdf48af7d04": 0.7714849301431992,
    "69896b8a-3774-47c2-b35e-75e5c7a4071b": 0.7498577726670742,
    "1f127be1-b829-43c7-b7b3-5ea5f7d19a01": 0.6543965339409115,
    "2c069467-881f-4bbc-b3e9-7b9a171b29dd": 0.5906540169899394,
    "b9361658-53e9-46e4-847e-7b57f791aed3": 0.4879958896723412,
    "4504b2f4-4cf7-4385-9226-1b7b4505afdf": 0.5221478905149766,
    "6bb412f6-517f-433d-9aa0-72735d38a053": 0.7793213743923942,
    "792d7dc5-07ae-45f8-9503-6168b0555833": 0.7341168559845782,
    "5a429836-260d-44dd-aee3-f1b90e86459b": 0.6795270923638009,
    "3b4dd7ae-e845-4ad6-9ccf-deca150dc10d": 0.7147010380069873,
    "b11df313-4e43-4594-874e-d842cc4e8dfc": 0.7486322421225872,
    "e1dffa67-d274-4ffc-9a24-afa29a8df7d5": 0.7500321902768005,
    "d93eb694-df50-4604-a044-525058f0934c": 0.8108468619747855,
    "0a215085-b320-402c-8132-d565c6ae806e": 0.7974617465516299,
    "0543c211-1dcd-4479-bdd4-f4da4bd8f3ba": 0.7770055195552332,
    "db367261-ef13-4105-829c-2a9bbf89cf08": 0.7899645878964275,
    "9e185fcb-3768-463e-9087-baeab315be35": 0.7591943347492409,
    "ad58c3da-9ef4-4099-a790-d1de0dce6d95": 0.7830979079866357
}